User,Target,RA0,Decl0,Cycles,ExposureTime,Exposures,Magnitude,Separation,Filter,WDS,Discoverer,PMag,SMag,B,Dmag,Period,DThe,G,First,Last,#,Plot,P Spectral,hhmmss.ss+ddmmss.s,Dcml RA,Dcml Dec,The22,The23,Rho22,Rho23,Drho,Ref,DDThe
Dixon,22552-0459,343.79567,-4.98789,2,0.01,500,6.03,0.52,R,22552-0459,BU 178,6.03,7.75,v,1.72,106.0,0.1,3,1873,2020,76,X,G4:III,225510.96-045916.4,343.79567,-4.98789,324.1,324.2,0.533,0.52,-0.013,Tok2017c,3.296
Dixon,13006-0322,195.14983,-3.36861,2,0.01,500,6.18,0.611,R,13006-0322,AGC 5AB,6.18,8.78,v,2.6,901.2,0.7,5,1877,2016,32,X,K1IV,130035.96-032207.0,195.14983,-3.36861,190.1,190.8,0.617,0.611,-0.006,Izm2019,0.301
Dixon,17082-0105,257.05688,-1.07947,2,0.01,500,6.32,0.676,R,17082-0105,A 1145,6.32,7.75,v,1.43,203.6,0.8,3,1905,2018,69,X,A1V+F3V,170813.65-010446.1,257.05688,-1.07947,337.5,336.7,0.675,0.676,0.001,WSI2006b,0.968
Dixon,22241-0450,336.02863,-4.83700,2,0.01,500,6.45,0.522,R,22241-0450,BU 172AB,6.45,6.63,v,0.18,145.1,1.0,2,1873,2019,244,X,A0V,222406.87-045013.2,336.02863,-4.83700,23.7,22.7,0.515,0.522,0.007,Tok2015c,1.482
Dixon,01198-0031,19.95125,-0.50903,2,0.01,500,6.45,1.644,R,01198-0031,"STF 113A,BC",6.45,6.99,v,0.54,650.0,0.2,4,1829,2020,333,X,A2V+G4III,011948.30-003032.5,19.95125,-0.50903,21.9,22.1,1.643,1.644,0.001,Zir2015a,0.354
Dixon,22408-0333,340.19988,-3.55428,2,0.01,500,6.52,0.363,R,22408-0333,KUI 114,6.52,8.63,v,2.11,54.6,0.2,2,1934,2020,90,X,F6V,224047.97-033315.4,340.19988,-3.55428,128.9,129.1,0.365,0.363,-0.002,Doc2016d,6.397
Dixon,14375+0217,219.36871,2.27742,2,0.01,500,6.60,0.218,R,14375+0217,"CHR 42Aa,Ab",6.60,8.50,v,1.9,21.5,2.4,3,1984,2020,36,X,F8V,143728.49+021638.7,219.36871,2.27742,149.4,151.8,0.209,0.218,0.009,Tok2015c,14.313
Dixon,06214+0216,95.35742,2.26858,2,0.01,500,6.63,0.296,R,06214+0216,A 2667,6.63,8.02,v,1.39,100.2,3.0,2,1913,2018,96,X,A4.5V,062125.78+021606.9,95.35742,2.26858,293.7,296.7,0.306,0.296,-0.01,Msn2009,0.592
Dixon,05417-0254,85.41808,-2.89647,2,0.01,500,6.68,0.654,R,05417-0254,BU 1052,6.68,8.22,v,1.54,105.7,0.3,3,1889,2020,51,X,A9IV-V,054140.34-025347.3,85.41808,-2.89647,182.6,182.3,0.653,0.654,0.001,Tok2018e,3.106
Dixon,18250-0135,276.23838,-1.57933,2,0.01,500,6.71,0.903,R,18250-0135,AC 11,6.71,7.21,v,0.5,340.0,0.1,3,1854,2020,249,X,F0,182457.21-013445.6,276.23838,-1.57933,354.6,354.5,0.904,0.903,-0.001,Tok2017c,0.959
Dixon,21031+0132,315.76288,1.53219,2,0.01,500,6.76,1.19,R,21031+0132,STF2744AB,6.76,7.33,v,0.57,642.8,0.6,4,1825,2020,382,X,F7IV,210303.09+013155.9,315.76288,1.53219,106.2,105.6,1.197,1.19,-0.007,Izm2019,0.040
Dixon,13207+0257,200.17321,2.94219,2,0.01,500,6.77,1.064,R,13207+0257,STF1734,6.77,7.29,v,0.52,973.8,0.2,4,1830,2017,197,X,A3V,132041.57+025631.9,200.17321,2.94219,173.0,172.8,1.067,1.064,-0.003,Izm2019,0.170
Dixon,01559+0151,28.97417,1.84989,2,0.01,500,6.79,0.573,R,01559+0151,STF 186,6.79,6.84,v,0.05,166.4,1.3,2,1825,2020,449,X,F9V,015553.80+015059.6,28.97417,1.84989,77.0,78.3,0.595,0.573,-0.022,Jte2018,0.863
Dixon,05135+0158,78.38146,1.96769,2,0.01,500,6.79,0.725,R,05135+0158,STT 517AB,6.79,6.99,v,0.2,987.0,0.1,4,1854,2019,137,X,A5V,051331.55+015803.7,78.38146,1.96769,241.6,241.7,0.72,0.725,0.005,Tok2014a,0.265
Dixon,08213-0136,125.33450,-1.60203,2,0.01,500,6.85,0.518,R,08213-0136,STF1216,6.85,7.88,v,1.03,402.0,0.9,3,1825,2020,188,X,A2Vpn:,082120.28-013607.3,125.33450,-1.60203,314.2,315.1,0.518,0.518,0,Tok2014a,0.004
Dixon,17571+0004,269.26800,0.06667,2,0.01,500,6.89,0.68,R,17571+0004,STF2244,6.89,6.56,v,0.33,474.9,0.1,3,1830,2019,199,X,A3V,175704.32+000400.0,269.26800,0.06667,100.6,100.7,0.678,0.68,0.002,Msn2017e,0.658
Dixon,10426+0335,160.65638,3.58303,2,0.01,500,6.92,0.612,R,10426+0335,A 2768,6.92,8.45,v,1.53,81.7,1.2,3,1914,2019,128,X,F7V,104237.53+033458.9,160.65638,3.58303,236.1,234.9,0.615,0.612,-0.003,Tok2015c,3.209
Dixon,05255-0033,81.37950,-0.54394,2,0.01,500,6.93,0.352,R,05255-0033,A 848,6.93,7.88,v,0.95,534.4,0.4,4,1904,2016,52,X,B9pHgSi,052531.08-003238.2,81.37950,-0.54394,181.0,181.4,0.349,0.352,0.003,Nov2007d,0.274
Dixon,05289-0318,82.23713,-3.30742,2,0.01,500,6.99,0.2,R,05289-0318,DA 6,6.99,7.34,v,0.35,1491.2,2.3,4,1854,2014,76,X,A0Vn,052856.91-031826.7,82.23713,-3.30742,321.7,324,0.197,0.2,0.003,Tok2015c,2.059
Dixon,08285-0231,127.12150,-2.51711,2,0.02,500,7.00,0.385,R,08285-0231,A 551AB,7.00,7.10,v,0.1,54.4,0.4,2,1903,2018,74,X,A5m,082829.16-023101.6,127.12150,-2.51711,64.0,64.4,0.385,0.385,0,Doc2017a,6.218
Dixon,02280+0158,36.99971,1.96086,2,0.02,500,7.09,0.474,R,02280+0158,KUI 8,7.09,7.63,v,0.54,653.0,0.3,4,1937,2018,132,X,K0III,022759.93+015739.1,36.99971,1.96086,40.9,41.2,0.476,0.474,-0.002,Zir2013a,0.251
Dixon,07573+0108,119.31829,1.12703,2,0.02,500,7.10,0.389,R,07573+0108,STT 185,7.10,7.30,v,0.2,58.0,1.1,2,1843,2020,167,X,F7V,075716.39+010737.3,119.31829,1.12703,26.2,27.3,0.394,0.389,-0.005,Msn2009,5.106
Dixon,18261+0047,276.51408,0.78047,2,0.02,500,7.11,0.514,R,18261+0047,BU 1203,7.11,8.73,v,1.62,495.7,0.3,4,1890,2018,99,X,A7III,182603.38+004649.7,276.51408,0.78047,159.7,160,0.512,0.514,0.002,Pop1996b,0.426
Dixon,13039-0340,195.97675,-3.66314,2,0.02,500,7.12,0.45,R,13039-0340,BU 929,7.12,7.65,v,0.53,438.0,0.5,4,1879,2018,169,X,F0V,130354.42-033947.3,195.97675,-3.66314,190.2,189.7,0.459,0.45,-0.009,Zir2013a,0.322
Dixon,04584-0344,74.60896,-3.73300,2,0.02,500,7.12,0.706,R,04584-0344,HDS 644,7.12,10.10,v,2.98,127.0,1.7,4,1991,2020,25,X,F5,045826.15-034358.8,74.60896,-3.73300,178.4,180.1,0.698,0.706,0.008,Tok2019d,1.135
Dixon,06478+0020,101.94817,0.34014,2,0.02,500,7.18,0.611,R,06478+0020,STT 157,7.18,9.16,v,1.98,500.0,0.7,4,1847,2018,99,X,A2,064747.56+002024.5,101.94817,0.34014,158.8,158.1,0.604,0.611,0.007,Doc2018l,0.020
Dixon,17400-0038,264.99042,-0.63922,2,0.02,500,7.23,0.335,R,17400-0038,BU 631,7.23,7.40,v,0.17,147.5,0.7,2,1878,2018,126,X,B9IV,173957.70-003821.2,264.99042,-0.63922,75.1,74.4,0.332,0.335,0.003,Hei1996a,1.741
Dixon,22478-0414,341.95854,-4.22878,2,0.02,500,7.30,1.803,R,22478-0414,STF2944AB,7.30,7.68,v,0.38,602.9,0.8,4,1782,2020,428,X,G2V+G4,224750.05-041343.6,341.95854,-4.22878,308.8,309.6,1.813,1.803,-0.01,Izm2019,0.203
Dixon,12564-0057,194.11079,-0.95461,2,0.02,500,7.33,1.086,R,12564-0057,STT 256,7.33,7.61,v,0.28,605.0,0.1,4,1843,2017,206,X,F7V,125626.59-005716.6,194.11079,-0.95461,101.4,101.5,1.083,1.086,0.003,Zir2015a,0.495
Dixon,02409+0452,40.23588,4.87072,2,0.02,500,7.39,0.738,R,02409+0452,STT 45,7.39,8.95,v,1.56,1207.4,0.5,5,1844,2018,46,X,F0,024056.61+045214.6,40.23588,4.87072,255.3,254.8,0.743,0.738,-0.005,Izm2019,0.202
Dixon,23568+0444,359.19704,4.72511,2,0.02,500,7.40,0.437,R,23568+0444,A 2100,7.40,7.90,v,0.5,89.2,0.9,2,1909,2019,102,X,F0,235647.29+044330.4,359.19704,4.72511,250.3,249.4,0.433,0.437,0.004,Jte2018,3.135
Dixon,00028+0208,0.69642,2.13039,2,0.02,500,7.40,1.534,R,00028+0208,BU 281AB,7.40,9.36,v,1.96,1117.0,0.3,5,1877,2017,71,X,F2V,000247.14+020749.4,0.69642,2.13039,157.9,157.6,1.538,1.534,-0.004,Lin2015a,0.022
Dixon,10275+0334,156.87588,3.56353,2,0.02,500,7.44,0.418,R,10275+0334,STT 218,7.44,9.60,v,2.16,2450.0,1.9,5,1843,2011,84,X,K0,102730.21+033348.7,156.87588,3.56353,192.5,194.4,0.413,0.418,0.005,USN2002,1.753
Dixon,04257-0214,66.42438,-2.23244,2,0.02,500,7.47,0.851,R,04257-0214,BU 403,7.47,9.42,v,1.95,591.9,0.4,4,1877,2020,51,X,F8,042541.85-021356.8,66.42438,-2.23244,81.3,80.9,0.862,0.851,-0.011,Izm2019,0.208
Dixon,04205-0119,65.12046,-1.31633,2,0.02,500,7.59,0.353,R,04205-0119,RST4769,7.59,7.63,v,0.04,77.6,0.4,3,1943,2019,26,X,A3,042028.91-011858.8,65.12046,-1.31633,20.1,19.7,0.344,0.353,0.009,Hrt2012a,4.241
Dixon,00345-0433,8.62413,-4.54653,2,0.02,500,7.63,0.32,R,00345-0433,D  2AB,7.63,8.04,v,0.41,777.0,0.8,4,1858,2019,71,X,G0IV,003429.79-043247.5,8.62413,-4.54653,78.3,79.1,0.304,0.32,0.016,Tok2019h,0.337
Dixon,14153+0308,213.83075,3.13128,2,0.02,500,7.73,0.873,R,14153+0308,STF1819AB,7.73,7.92,v,0.19,223.5,2.2,2,1828,2019,486,X,G0V,141519.38+030752.6,213.83075,3.13128,152.8,150.6,0.875,0.873,-0.002,Sca2012b,0.589
Dixon,03496-0220,57.41117,-2.32847,2,0.02,500,7.73,0.41,R,03496-0220,YR 23,7.73,8.29,v,0.56,51.1,2.5,4,2000,2020,37,X,G0,034938.68-021942.5,57.41117,-2.32847,284.7,282.2,0.406,0.41,0.004,Tok2018a,4.545
Dixon,02460-0457,41.49846,-4.95644,2,0.02,500,7.73,1.063,R,02460-0457,BU 83,7.73,9.64,v,1.91,716.3,0.4,5,1872,2020,74,X,F2,024559.63-045723.2,41.49846,-4.95644,8.4,8,1.054,1.063,0.009,Hrt2011d,0.103
Dixon,15160-0454,229.00650,-4.89786,2,0.02,500,7.74,0.299,R,15160-0454,STF3091AB,7.74,8.48,v,0.74,143.2,0.3,2,1832,2018,109,X,F7V,151601.56-045352.3,229.00650,-4.89786,225.3,225,0.337,0.299,-0.038,Msn2019,2.214
Dixon,07527+0323,118.17550,3.38394,2,0.02,500,7.82,0.919,R,07527+0323,STT 182,7.82,7.93,v,0.11,1661.0,0.2,4,1843,2017,106,X,A2,075242.12+032302.2,118.17550,3.38394,7.7,7.5,0.92,0.919,-0.001,PkO2018b,0.017
Dixon,13343-0019,203.56825,-0.31383,2,0.02,500,7.82,1.568,R,13343-0019,STF1757AB,7.82,8.75,v,0.93,344.1,1.3,3,1825,2019,385,X,K4III,133416.38-001849.8,203.56825,-0.31383,146.8,148.1,1.589,1.568,-0.021,Izm2019,0.254
Dixon,08024+0409,120.60858,4.15208,2,0.02,500,7.89,1.456,R,08024+0409,STF1175,7.89,9.13,v,1.24,2929.3,0.5,4,1827,2017,134,X,G5,080226.06+040907.5,120.60858,4.15208,289.3,289.8,1.452,1.456,0.004,Izm2019,0.377
Dixon,11000-0328,165.00842,-3.47125,2,0.02,500,7.91,1.292,R,11000-0328,STF1500,7.91,8.27,v,0.36,680.1,0.2,4,1825,2019,148,X,F8V,110002.02-032816.5,165.00842,-3.47125,298.6,298.4,1.299,1.292,-0.007,Izm2019,0.329
Dixon,21209+0307,320.23242,3.11822,2,0.02,500,7.92,1.543,R,21209+0307,BU 838,7.92,10.02,v,2.1,1023.4,0.5,5,1881,2016,63,X,F8,212055.78+030705.6,320.23242,3.11822,157.2,157.7,1.553,1.543,-0.01,Izm2019,0.148
Dixon,07546-0248,118.63763,-2.79581,2,0.02,500,7.93,0.675,R,07546-0248,STF1157,7.93,7.89,v,0.04,1448.0,1.0,4,1831,2019,105,X,F0,075433.03-024744.9,118.63763,-2.79581,169.8,168.8,0.676,0.675,-0.001,Lin2010c,0.751
Dixon,05226+0236,80.65625,2.60317,2,0.02,500,7.93,0.561,R,05226+0236,A 2641,7.93,10.77,v,2.84,91.9,6.1,3,1913,2020,27,X,G5,052237.50+023611.4,80.65625,2.60317,123.9,117.8,0.609,0.561,-0.048,Tok2018e,2.183
Dixon,12268-0011,186.69117,-0.18331,2,0.02,500,7.95,0.638,R,12268-0011,AGC 4,7.95,10.04,v,2.09,1137.5,0.6,5,1876,2016,21,X,F1V,122645.88-001059.9,186.69117,-0.18331,148.5,147.9,0.635,0.638,0.003,Izm2019,0.284
Dixon,15420+0027,235.50579,0.45708,2,0.03,500,8.00,0.203,R,15420+0027,A 2176,8.00,8.00,v,0,52.7,2.4,2,1910,2018,63,X,A1IV,154201.39+002725.5,235.50579,0.45708,216.6,219,0.206,0.203,-0.003,Tok2015c,4.434
Dixon,09149+0427,138.72383,4.44289,2,0.03,500,8.00,0.719,R,09149+0427,HEI 350,8.00,11.00,v,3,55.4,5.2,4,1987,2019,26,X,K0,091453.72+042634.4,138.72383,4.44289,349.8,344.6,0.711,0.719,0.008,Tok2020g,1.302
Dixon,00593-0040,14.83529,-0.67453,2,0.03,500,8.11,0.352,R,00593-0040,A 1902,8.11,9.17,v,1.06,94.6,1.1,3,1908,2019,75,X,F5,005920.47-004028.3,14.83529,-0.67453,222.2,223.3,0.354,0.352,-0.002,Doc2014a,2.707
Dixon,03140+0044,48.51213,0.73925,2,0.03,500,8.14,1.274,R,03140+0044,STF 367,8.14,8.17,v,0.03,370.1,0.3,3,1831,2018,171,X,F8,031402.91+004421.3,48.51213,0.73925,128.8,128.5,1.27,1.274,0.004,Izm2019,0.673
Dixon,21469+0051,326.72283,0.85081,2,0.03,500,8.14,0.397,R,21469+0051,STF2825,8.14,9.06,v,0.92,668.0,1.1,4,1827,2011,116,X,F3V,214653.48+005102.9,326.72283,0.85081,163.9,165,0.402,0.397,-0.005,Zir2014a,0.561
Dixon,15071-0217,226.78588,-2.28069,2,0.03,500,8.20,0.317,R,15071-0217,A 689,8.20,8.70,v,0.5,66.0,0.6,4,1904,2016,43,X,F8,150708.61-021650.5,226.78588,-2.28069,324.9,324.3,0.318,0.317,-0.001,Baz1987d,4.855
Dixon,05089+0313,77.23400,3.21878,2,0.03,500,8.21,0.381,R,05089+0313,A 2636,8.21,6.83,v,1.38,390.0,0.3,4,1913,2019,42,X,B8V,050856.16+031307.6,77.23400,3.21878,172.3,172.6,0.379,0.381,0.002,Hrt2010a,0.623
Dixon,18146+0011,273.64033,0.17581,2,0.03,500,8.22,1.348,R,18146+0011,STF2294,8.22,8.55,v,0.33,344.8,0.1,4,1831,2018,227,X,F2,181433.68+001032.9,273.64033,0.17581,93.1,93,1.345,1.348,0.003,Sca2015b,0.944
Dixon,23176-0131,349.40671,-1.52172,2,0.03,500,8.23,1.587,R,23176-0131,BU 79AB,8.23,9.59,v,1.36,302.0,0.4,4,1872,2016,141,X,G5,231737.61-013118.2,349.40671,-1.52172,6.2,5.8,1.589,1.587,-0.002,WSI2004b,0.792
Dixon,02572+0153,44.31208,1.88758,2,0.03,500,8.28,0.657,R,02572+0153,A 2413,8.28,8.62,v,0.34,129.3,0.8,3,1912,2019,99,X,G0V,025714.90+015315.3,44.31208,1.88758,169.5,170.3,0.652,0.657,0.005,Jte2018,1.984
Dixon,20396+0458,309.90713,4.97203,2,0.03,500,8.28,0.533,R,20396+0458,KUI 99AB,8.28,9.63,v,1.35,38.7,1.5,2,1998,2019,26,X,K5V,203937.71+045819.3,309.90713,4.97203,123.0,124.5,0.407,0.533,0.126,Tok2017a,7.807
Dixon,21214+0253,320.34875,2.88739,2,0.03,500,8.31,0.693,R,21214+0253,STT 435,8.31,8.20,v,0.11,3542.0,0.2,4,1843,2018,86,X,K0,212123.70+025314.6,320.34875,2.88739,240.7,240.9,0.692,0.693,0.001,PkO2018b,0.098
Dixon,07478-0332,116.94946,-3.52964,2,0.03,500,8.35,0.23,R,07478-0332,RST4375,8.35,9.26,v,0.91,80.8,1.1,4,1940,2019,18,X,A0,074747.87-033146.7,116.94946,-3.52964,87.6,86.5,0.23,0.23,0,Tok2014a,3.354
Dixon,02384-0125,39.60521,-1.40861,2,0.03,500,8.49,0.29,R,02384-0125,A 450,8.49,10.19,v,1.7,915.0,0.6,5,1903,2008,23,X,F2,023825.25-012431.0,39.60521,-1.40861,180.9,180.3,0.294,0.29,-0.004,USN2002,0.207
Dixon,22385+0218,339.62188,2.29894,2,0.03,500,8.50,0.345,R,22385+0218,HO 479,8.50,9.75,v,1.25,338.4,3.9,4,1893,2018,53,X,G0,223829.25+021756.2,339.62188,2.29894,4.5,0.6,0.335,0.345,0.01,Hrt2014b,2.836
Dixon,22400+0113,340.00225,1.20933,2,0.03,500,8.54,0.841,R,22400+0113,A 2099,8.54,9.38,v,0.84,256.0,0.1,4,1909,2019,64,X,G5,224000.54+011233.6,340.00225,1.20933,165.4,165.5,0.837,0.841,0.004,Hrt2010a,1.306
Dixon,08138+0159,123.43975,1.98567,2,0.03,500,8.59,0.998,R,08138+0159,BU 1244,8.59,9.15,v,0.56,1043.6,0.3,5,1891,2017,77,X,F8V,081345.54+015908.4,123.43975,1.98567,4.6,4.3,0.997,0.998,0.001,Izm2019,0.045
Dixon,18440+0321,280.99708,3.34394,2,0.03,500,8.59,0.257,R,18440+0321,A 2388,8.59,9.56,v,0.97,330.0,0.6,5,1910,2017,21,X,A0,184359.30+032038.2,280.99708,3.34394,135.9,136.5,0.257,0.257,0,FMR2014c,0.491
Dixon,17066+0039,256.65075,0.65219,2,0.03,500,8.73,1.079,R,17066+0039,BU 823AB,8.73,9.81,v,1.08,900.0,1.1,4,1881,2019,162,X,G0,170636.18+003907.9,256.65075,0.65219,177.2,178.3,1.071,1.079,0.008,Tok2021b,0.700
Dixon,15282+0251,232.05392,2.85600,2,0.03,500,8.78,0.227,R,15282+0251,A 2175,8.78,9.09,v,0.31,218.1,0.8,4,1910,2019,50,X,A5,152812.94+025121.6,232.05392,2.85600,215.7,216.5,0.229,0.227,-0.002,USN2006b,0.850
Dixon,11230+0408,170.76100,4.13806,2,0.03,500,8.80,0.21,R,11230+0408,A 2776AB,8.80,8.80,v,0,97.0,0.6,4,1914,2018,31,X,F5,112302.64+040817.0,170.76100,4.13806,64.9,65.5,0.207,0.21,0.003,Hrt2010a,3.111
Dixon,07043-0303,106.08696,-3.05067,2,0.03,500,8.80,0.331,R,07043-0303,A 519AB,8.80,9.44,v,0.64,90.4,0.6,3,1903,2019,46,X,G5,070420.87-030302.4,106.08696,-3.05067,95.5,94.9,0.318,0.331,0.013,Tok2015c,3.382
Dixon,12270-0332,186.75321,-3.53489,2,0.03,500,8.89,0.532,R,12270-0332,A 79AB,8.89,10.03,v,1.14,232.0,0.2,4,1900,2017,19,X,G5,122700.77-033205.6,186.75321,-3.53489,97.4,97.2,0.527,0.532,0.005,Tok2017c,1.352
Dixon,16588+0358,254.70946,3.96703,2,0.04,500,9.08,1.408,R,16588+0358,STF3107AB,9.08,9.30,v,0.22,1147.3,0.3,4,1831,2016,124,X,G0,165850.27+035801.3,254.70946,3.96703,68.5,68.2,1.409,1.408,-0.001,Izm2019,0.014
Dixon,08487+0057,132.16792,0.94194,2,0.04,500,9.11,0.279,R,08487+0057,A 2552,9.11,8.48,v,0.63,82.4,2.0,2,1913,2018,51,X,F5,084840.30+005631.0,132.16792,0.94194,22.1,20.1,0.285,0.279,-0.006,Msn2011a,2.369
Dixon,17500+0031,267.48767,0.51206,2,0.04,500,9.20,0.27,R,17500+0031,A 2186,9.20,9.40,v,0.2,170.8,0.6,4,1910,2017,15,X,G5,174957.04+003043.4,267.48767,0.51206,247.4,246.8,0.267,0.27,0.003,Zir2013d,1.508
Dixon,08061-0047,121.51467,-0.77644,2,0.04,500,9.20,0.961,R,08061-0047,A 1971,9.20,9.43,v,0.23,572.5,0.4,4,1908,2017,57,X,G5,080603.52-004635.2,121.51467,-0.77644,359.6,359.2,0.961,0.961,0,Tok2015c,0.229
Dixon,04505+0103,72.61383,1.05014,2,0.04,500,9.20,0.315,R,04505+0103,A 2622,9.20,10.00,v,0.8,403.3,0.5,4,1913,2015,15,X,F0,045027.32+010300.5,72.61383,1.05014,244.3,243.8,0.314,0.315,0.001,Tok2015c,0.393
Dixon,01071-0036,16.76883,-0.59203,2,0.04,500,9.21,0.405,R,01071-0036,HDS 144AB,9.21,11.76,v,2.55,72.6,3.0,4,1991,2019,16,X,K0,010704.52-003531.3,16.76883,-0.59203,117.2,114.2,0.396,0.405,0.009,Tok2014a,1.959
Dixon,02254+0135,36.34663,1.58756,2,0.04,500,9.24,0.228,R,02254+0135,HDS 315,9.24,11.53,v,2.29,600.0,2.6,4,1991,2018,8,X,F5,022523.19+013515.2,36.34663,1.58756,12.0,14.6,0.22,0.228,0.008,Tok2019c,2.000
Dixon,00596-0111,14.89613,-1.19181,2,0.04,500,9.28,0.407,R,00596-0111,A 1903AB,9.28,9.94,v,0.66,143.4,1.7,3,1908,2019,79,X,G5,005935.07-011130.5,14.89613,-1.19181,37.0,38.7,0.407,0.407,0,Hrt2010a,0.810
Dixon,01409+0138,25.21679,1.62828,2,0.04,500,9.30,0.25,R,01409+0138,A 2404,9.30,9.30,v,0,114.3,0.7,3,1911,2009,27,X,F8,014052.03+013741.8,25.21679,1.62828,358.4,357.7,0.251,0.25,-0.001,Zir2010b,2.450
Dixon,00076-0433,1.89867,-4.54753,2,0.04,500,9.30,0.955,R,00076-0433,STF3063,9.30,10.29,v,0.99,688.0,0.5,5,1831,2015,57,X,G0,000735.68-043251.1,1.89867,-4.54753,191.6,191.1,0.964,0.955,-0.009,Izm2019,0.023
Dixon,18439+0237,280.98242,2.62128,2,0.04,500,9.43,0.282,R,18439+0237,STF2369,9.43,8.32,v,1.11,1458.9,1.9,4,1830,2016,110,X,G0,184355.78+023716.6,280.98242,2.62128,22.9,21,0.284,0.282,-0.002,Izm2019,1.653
Dixon,02278+0426,36.94108,4.43219,2,0.04,500,9.45,0.612,R,02278+0426,A 2329,9.45,9.63,v,0.18,25.3,3.2,1,1911,2020,136,X,K5,022745.86+042555.9,36.94108,4.43219,112.9,116.1,0.629,0.612,-0.017,Ana2007,11.018
Dixon,06575+0253,104.37092,2.88800,2,0.04,500,9.46,0.437,R,06575+0253,A 2681,9.46,7.71,v,1.75,208.3,0.2,5,1913,2018,26,X,A5,065729.02+025316.8,104.37092,2.88800,312.8,312.6,0.435,0.437,0.002,USN2007b,1.528
Dixon,13237-0043,200.92983,-0.71919,2,0.04,500,9.49,1.03,R,13237-0043,A 2489,9.49,9.81,v,0.32,499.0,0.1,5,1912,2018,57,X,G5,132343.16-004309.1,200.92983,-0.71919,191.1,191,1.02,1.03,0.01,WSI2004a,0.621
Dixon,01048+0135,16.20121,1.58778,2,0.04,500,9.49,0.315,R,01048+0135,A 2310,9.49,10.36,v,0.87,131.5,0.7,4,1911,2017,24,X,F2,010448.29+013516.0,16.20121,1.58778,303.0,302.3,0.318,0.315,-0.003,Doc2001a,2.038
Dixon,19580+0456,299.51167,4.93567,2,0.04,500,9.52,0.55,R,19580+0456,A 606,9.52,9.33,v,0.19,220.8,0.9,3,1903,2018,83,X,G5,195802.80+045608.4,299.51167,4.93567,167.8,168.7,0.55,0.55,0,Sca2018e,0.730
Dixon,07168+0059,109.19792,0.97953,2,0.04,500,9.53,0.277,R,07168+0059,A 2855,9.53,9.25,v,0.28,64.4,7.6,2,1914,2020,50,X,K0,071647.50+005846.3,109.19792,0.97953,89.4,81.8,0.272,0.277,0.005,Msn2009,2.013
Dixon,04187+0445,64.67429,4.75067,2,0.04,500,9.56,0.639,R,04187+0445,A 1939,9.56,9.60,v,0.04,544.0,0.8,5,1908,2019,14,X,F2,041841.83+044502.4,64.67429,4.75067,304.9,305.7,0.643,0.639,-0.004,Zir2012b,0.138
Dixon,14358+0015,218.94804,0.24292,2,0.04,500,9.57,0.237,R,14358+0015,BU 941AB,9.57,9.44,v,0.13,656.8,2.6,5,1879,1993,49,X,F8,143547.53+001434.5,218.94804,0.24292,324.1,321.5,0.223,0.237,0.014,Sca2017d,2.052
Dixon,21047+0332,316.18838,3.53267,2,0.04,500,9.60,0.76,R,21047+0332,SE 3BC,9.60,10.20,v,0.6,654.2,0.8,4,1895,1899,3,X,G0,210445.21+033157.6,316.18838,3.53267,137.6,138.4,0.748,0.76,0.012,Hrt2009,0.250
Dixon,21088-0426,317.18963,-4.42686,2,0.04,500,9.64,0.249,R,21088-0426,"HDS3013Aa,Ab",9.64,12.14,v,2.5,25.0,14.9,4,1991,2020,24,X,M1,210845.51-042536.7,317.18963,-4.42686,328.1,313.2,0.223,0.249,0.026,Tok2018e,0.505
Dixon,19027-0043,285.69229,-0.71164,2,0.04,500,9.68,0.793,R,19027-0043,STF2434BC,9.68,9.38,v,0.3,975.0,1.3,4,1783,2019,138,X,G5,190246.15-004241.9,285.69229,-0.71164,258.0,256.7,0.784,0.793,0.009,Mdz2017,0.931
Dixon,07411-0124,115.26292,-1.40011,2,0.04,500,9.70,0.336,R,07411-0124,A 1968,9.70,9.80,v,0.1,146.2,1.3,3,1909,2014,21,X,G0,074103.10-012400.4,115.26292,-1.40011,117.5,116.2,0.336,0.336,0,Tok2014a,1.162
Dixon,20213+0250,305.32263,2.83942,2,0.04,500,9.71,1.26,R,20213+0250,HLD 158,9.71,9.78,v,0.07,232.4,0.3,3,1882,2017,70,X,G0,202117.43+025021.9,305.32263,2.83942,40.3,40,1.25,1.26,0.01,Msn2017c,1.249
Dixon,01078+0425,16.94338,4.41444,2,0.04,500,9.87,0.237,R,01078+0425,BU 1292,9.87,10.61,v,0.74,285.3,1.6,5,1901,2013,15,X,F5,010746.41+042452.0,16.94338,4.41444,219.6,218,0.238,0.237,-0.001,FMR2013a,0.338
Dixon,01028+0214,15.68850,2.22822,2,0.04,500,9.87,0.41,R,01028+0214,A 2308,9.87,11.73,v,1.86,141.8,0.9,3,1910,2019,35,X,G5,010245.24+021341.6,15.68850,2.22822,124.3,125.2,0.409,0.41,0.001,Tok2015c,1.639
Dixon,10183-0326,154.57396,-3.44056,2,0.04,500,9.90,0.256,R,10183-0326,RST4454AB,9.90,9.90,v,0,164.6,0.1,4,1939,2018,13,X,F8,101817.75-032626.0,154.57396,-3.44056,224.1,224.2,0.26,0.256,-0.004,Hrt2011d,2.088
Dixon,08542-0229,133.54571,-2.47692,2,0.04,500,9.90,0.39,R,08542-0229,A 1754,9.90,10.00,v,0.1,452.0,0.9,5,1908,2012,18,X,F8,085410.97-022836.9,133.54571,-2.47692,135.2,136.1,0.387,0.39,0.003,Hrt2010a,0.104
Dixon,02512+0141,42.79821,1.68042,2,0.04,500,9.90,0.205,R,02512+0141,A 2338,9.90,10.60,v,0.7,180.0,2.5,3,1911,2017,18,X,F5,025111.57+014049.5,42.79821,1.68042,34.4,36.9,0.199,0.205,0.006,Doc2016a,0.500
Dixon,01528-0447,28.19017,-4.78775,2,0.04,500,9.95,0.3,R,01528-0447,RST4188,9.95,10.02,v,0.07,618.7,1.7,5,1939,2016,24,X,G0,015245.64-044715.9,28.19017,-4.78775,49.6,51.3,0.309,0.3,-0.009,Tok2015c,1.118
Dixon,21243+0343,321.08229,3.71689,2,0.04,500,9.97,0.37,R,21243+0343,A 2288,9.97,10.27,v,0.3,122.7,1.1,3,1910,2014,45,X,G5,212419.75+034300.8,321.08229,3.71689,219.5,218.4,0.371,0.37,-0.001,Tok2015c,1.834
Dixon,01554+0257,28.84179,2.95669,2,0.06,500,10.05,0.727,R,01554+0257,A 2407,10.05,10.50,v,0.45,184.4,1.5,4,1912,2019,26,X,K0,015522.03+025724.1,28.84179,2.95669,341.6,343.1,0.718,0.727,0.009,Tok2021c,0.452
Dixon,16169+0113,244.21842,1.22147,2,0.06,500,10.12,0.425,R,16169+0113,A 2181,10.12,10.20,v,0.08,285.7,1.3,5,1910,2017,46,X,G0,161652.42+011317.3,244.21842,1.22147,112.3,113.6,0.424,0.425,0.001,Pop1995d,0.040
Dixon,03189-0101,49.72046,-1.01914,2,0.06,500,10.28,0.619,R,03189-0101,BU 1177,10.28,10.38,v,0.1,258.4,0.4,3,1890,2019,40,X,G5+G5,031852.91-010108.9,49.72046,-1.01914,192.4,192,0.62,0.619,-0.001,Doc2016i,0.993
Dixon,22451-0240,341.26846,-2.65644,2,0.06,500,10.31,0.633,R,22451-0240,A 2696BC,10.31,10.16,v,0.15,302.1,0.6,4,1827,2016,47,X,F8,224504.43-023923.2,341.26846,-2.65644,73.5,72.9,0.631,0.633,0.002,Hrt2014b,0.592
Dixon,17584+0428,269.60192,4.46161,2,0.06,500,10.36,0.255,R,17584+0428,KUI 84AB,10.36,11.09,v,0.73,14.7,4.6,3,1934,2019,28,X,K8,175824.46+042741.8,269.60192,4.46161,349.4,354,0.249,0.255,0.006,Doc2018a,19.862
Dixon,01500-0408,27.50888,-4.12619,2,0.06,500,10.40,0.945,R,01500-0408,A 2602,10.40,10.40,v,0,1606.0,0.1,5,1913,2016,17,X,K2+K2,015002.13-040734.3,27.50888,-4.12619,182.0,182.1,0.927,0.945,0.018,Doc2016i,0.124
Dixon,01556+0146,28.89154,1.76581,2,0.06,500,10.44,0.737,R,01556+0146,BU 1367,10.44,10.71,v,0.27,882.6,0.7,5,1904,2016,25,X,K2,015533.97+014556.9,28.89154,1.76581,111.1,111.8,0.734,0.737,0.003,Izm2019,0.292
Dixon,17255+0030,261.37583,0.49944,2,0.06,500,10.50,0.31,R,17255+0030,RST5432,10.50,10.50,v,0,94.0,2.5,4,1946,2011,14,X,K0,172530.20+002958.0,261.37583,0.49944,157.7,155.2,0.304,0.31,0.006,Hrt2009,1.331
Dixon,11047-0413,166.17071,-4.22350,2,0.06,500,10.75,0.325,R,11047-0413,A 676BC,10.75,11.09,v,0.34,23.2,7.8,2,1829,2012,42,X,G5,110440.97-041324.6,166.17071,-4.22350,251.0,258.8,0.323,0.325,0.002,Doc2001e,7.697
Dixon,19194-0136,289.86042,-1.61603,2,0.06,500,10.97,0.201,R,19194-0136,"HDS2734Aa,Ab",10.97,11.37,v,0.4,36.8,20.7,3,1991,2020,14,X,M0,191926.50-013657.7,289.86042,-1.61603,98.4,119.1,0.161,0.201,0.04,Tok2019c,10.925
Dixon,17119-0151,257.96767,-1.85181,2,0.07,500,11.00,0.632,R,17119-0151,LPM 629,11.00,11.20,v,0.2,34.6,14.0,4,1948,2018,21,X,M,171152.24-015106.5,257.96767,-1.85181,348.3,2.3,0.636,0.632,-0.004,Doc2018l,3.595
Dixon,10121-0241,153.01950,-2.68475,2,0.07,500,11.00,0.205,R,10121-0241,DEL 3,11.00,12.00,v,1,7.6,4.8,3,1999,2020,32,X,M2.5,101204.68-024105.1,153.01950,-2.68475,258.8,254,0.15,0.205,0.055,Tok2018b,42.500
Dixon,13450+0206,206.26000,2.09211,2,0.07,500,11.27,0.711,R,13450+0206,HDS1935,11.27,12.48,v,1.21,200.0,1.6,4,1991,2019,10,X,K5,134502.40+020531.6,206.26000,2.09211,46.7,45.1,0.699,0.711,0.012,Tok2021c,0.200
Dixon,02402+0436,40.05929,4.59886,2,0.07,500,11.58,0.65,R,02402+0436,HDS 347,11.58,11.94,v,0.36,362.7,1.0,4,1991,2018,17,X,K7,024014.23+043555.9,40.05929,4.59886,148.1,149.1,0.641,0.65,0.009,Cve2020b,0.007
Dixon,21426+0233,325.64804,2.55542,2,0.07,500,11.75,0.294,R,21426+0233,HDS3092,11.75,13.26,v,1.51,300.0,2.3,4,1991,2020,11,X,K7,214235.53+023319.5,325.64804,2.55542,158.1,160.4,0.28,0.294,0.014,Tok2021c,1.100
Dixon,15440+0231,236.00896,2.51728,2,0.08,500,12.70,0.203,R,15440+0231,"RDR 6Ba,Bb",12.70,12.80,v,0.1,6.6,12.7,4,1910,2013,17,X,G3V+M,154402.15+023102.2,236.00896,2.51728,24.1,36.8,0.223,0.203,-0.02,Tok2021b,42.095
Dixon,10474+0236,161.85121,2.59222,2,0.08,500,12.91,0.534,R,10474+0236,HDS1542AB,12.91,13.20,v,0.29,121.7,1.3,5,1991,2018,9,X,M1,104724.29+023532.0,161.85121,2.59222,261.5,262.8,0.539,0.534,-0.005,Hor2020,1.658
